{
  "df1": {
    "kmeans": {
      "silhouette": 0.5216395622404242,
      "davies_bouldin": 0.6853295219054458,
      "calinski_harabasz": 11786.95462267153
    },
    "dbscan": {
      "silhouette": 0.5216395622404242,
      "davies_bouldin": 0.6853295219054458,
      "calinski_harabasz": 11786.95462267153
    },
    "agg": {
      "silhouette": 0.5216395622404242,
      "davies_bouldin": 0.6853295219054458,
      "calinski_harabasz": 11786.95462267153
    }
  },
  "df2": {
    "kmeans": {
      "silhouette": 0.3068610017701601,
      "davies_bouldin": 1.3234721699867638,
      "calinski_harabasz": 3573.3933329348433
    },
    "agg": {
      "silhouette": 0.4197677592223166,
      "davies_bouldin": 0.8791287795996852,
      "calinski_harabasz": 395.48256948317095
    }
  },
  "df3": {
    "kmeans": {
      "silhouette": 0.31553248183109267,
      "davies_bouldin": 1.1577832240211146,
      "calinski_harabasz": 6957.15810694674
    },
    "agg": {
      "silhouette": 0.4252961244445326,
      "davies_bouldin": 0.8138020165811185,
      "calinski_harabasz": 8.943143115556794
    }
  }
}