,BaseLine,Log_Regression
Accuracy,0.59,0.8033333333333333
Precision,0.0,0.8047619047619048
Recall,0.0,0.6869918699186992
F1-score,0.0,0.7412280701754386
ROC-AUC,0.5,0.7855863304395756
